[
	{
		"name": "Livonia",
		"leaderName": "Litovska Rad'i",
		"adjective": [ "Nazi" ],
		"preferredVictoryType": "Domination",

		"startIntroPart1": "Ave issand, hävita oma vaenlased ja risti inimesi",
		"startIntroPart2": "Ave issand, hävita oma vaenlased ja risti inimesi",

		"declaringWar": "Sa pole sellele maailmale midagi muud kui häiriv! Teid tuleb hävitada!",
		"attacked": "Rumalus!Minu Livonia'le on võitmatu!",
		"defeated": "The last bastion of the Livonia has fallen to your hands, well done. But if you think I will surrender to you, I would rather prefer to blow my brains out.",
		"introduction": "Welcome, Now, let us discuss regarding the lands that you have mistook to be yours.",

		"neutralHello": "Ctio!",
		"neutralLetsHearIt": [ "Let us hear it then.", "Pry tell then.", "Go ahead." ],
		"neutralNo": [ "No.", "Certainly not.", "Of course not!" ],
		"neutralYes": [ "That is an excellent proposition.", "Very well.", "That may sound reasonable." ],

		"hateHello": "Speak!",
		"hateLetsHearIt": [ "What now!?", "Hurry up then!", "Quickly!" ],
		"hateNo": [ "No!", "That is outrageous!", "Never!" ],
		"hateYes": [ "Fine!", "Very well then.", "This may work." ],

		"tradeRequest": "I believe this deal can be proved to be beneficial for all of us.",
		"outerColor": [ 255, 0, 0 ],
		"innerColor": [ 60, 60, 60 ],

		"uniqueName": "Knyazi",
		"uniques": [
			"[+8 Science, +4 Happiness] [in all cities]",
				"[+3 Production, +4 Food] [in puppeted cities]"
		],
		"cities": [ "Talin", "Tartu", "Narva", "Pyaa'rnu'", "Vil'dya'", "Brest", "Valha", "Maaradu", "Keila", "Saye", "Chuto", "Innsbruck", "Konigsberg", "Colin", "Issietto", "Essen", "Dortmund", "Stuttgart", "Dusseldorf", "Brite", "Hamin", "Duisburg", "Leifona", "Dresden", "Bonn", "Bochum", "Bielefeld", "Karlsruhe", "Gelsenkirchen", "Wiesbaden", "Munster", "Rostok", "Chemnitz", "Braunschweig", "Halle", "Mצnchengladbach", "Kiel", "Wuppertal", "Freiburg", "Hagen", "Erfurt", "Kaiserslautern", "Kassel", "Oberhausen", "Hamm", "Saarbrucken", "Krefeld", "Pirmasens", "Potsdam", "Solingen", "Osnabruck", "Ludwingshafen", "Leverkusen", "Oldenburg", "Neuss", "Mulheim", "Darmstadt", "Herne", "Wurzburg", "Recklinghausen", "Gצttingen", "Wolfsburg", "Koblenz", "Hildesheim", "Erlangen" ]
	},

	{
		"name": "SCA",
		"leaderName": "Zoran Lilich",
		"adjective": [ "Soviet" ],
		"startBias": [ " [Hill]" ],
		"preferredVictoryType": "Scientific",

		"startIntroPart1": "Здраво наш вођо,припојена унија региона Брдовитих Горја је под вашом контролом.",
		"startIntroPart2": "време радости или хиљаде смрти?",

		"declaringWar": "The laborers has called, we must liberate the people from the capitalist pigs such as you!",
		"attacked": "We do not like taking any foreign territory, but we shall never give up even a single grain of our lands!",
		"defeated": "Imperilaist dog! You may have crushed the SCA now, but you will never destroy the spirit of the revolution!",
		"introduction": "I do not have time to talk with capitalist monsters, but if you are a friend of the workers, then you can be my friend as well.",

		"neutralHello": "Hello.",
		"neutralLetsHearIt": [ "Do not make me wait then.", "I am listening.", "Go ahead." ],
		"neutralNo": [ "No.", "Certainly not.", "That is unacceptable." ],
		"neutralYes": [ "Good.", "Very well.", "This will do." ],

		"hateHello": "What do you want!?",
		"hateLetsHearIt": [ "Spit it out!", "What?", "Out with it!" ],
		"hateNo": [ "Never!", "Excuse me?", "You are joking right?" ],
		"hateYes": [ "I cannot refuse.", "Good enough.", "Very well then." ],

		"tradeRequest": "I suggest you accept this offer for I do not trade with outsiders that often.",
		"outerColor": [ 33, 32, 30 ],
		"innerColor": [ 39, 42, 90 ],

		"uniqueName": "War of The People",
		"uniques": [
			"[+5 Food, +4 Production] [in all cities]",
			"[+4 Production, +7 Food, -2 Happiness] [in puppeted cities]"
		],
		"cities": [ "Belgrad", "Kosovo", "Panchevo", "Valevo", "Podgorice", "Vrane", "Nickshith", "Hersceh-Novi", "SrbskaKraine", "Grodno", "Plevlya", "Cetinne", "Cotor", "Bajram Curri", "Ballsh", "Berat", "Burrel", "Elbasan", "Orikum", "Reps", "Chisnau", "Sverdlovsk", "Tbilisi", "Murmansk", "Arkhangelsk", "Tula", "Tashkent", "Arkhangelsk", "Ashgabat", "Astana", "Bishkek", "Omsk", "Yerevan", "Saratov", "Tula", "Irkutsk", "Perm", "Pskov", "Saratov", "Irkutsk", "Novokuznetsk", "Orenburg" ]
	}
	

]