[


	{
		"name": "Foreign Legion",
		"unitType": "Gunpowder",
		"uniqueTo": "SCA",
		"replaces": "Rifleman",
		"movement": 3,
		"strength": 38,
		"cost": 240,
		"requiredTech": "Rifling",
		"uniques": [ "Can move after attacking" ]
	},
	{
		"name": "Sea Beggar",
		"unitType": "Melee Water",
		"replaces": "Privateer",
		"uniqueTo": "SCA",
		"movement": 3,
		"strength": 30,
		"cost": 150,
		"requiredTech": "Navigation",
		"upgradesTo": "Destroyer",
		"promotions": [ "Coastal Raider I", "Coastal Raider II", "Supply" ],
		"uniques": [ "May capture killed [Water] units" ]
	},
	{
		"name": "Ship of the Line",
		"unitType": "Ranged Water",
		"replaces": "Frigate",
		"uniqueTo": "SCA",
		"movement": 5,
		"strength": 31,
		"rangedStrength": 36,
		"cost": 190,
		"requiredResource": "Iron",
		"uniques": [ "[+1] Sight" ],
		"requiredTech": "Navigation",
		"obsoleteTech": "Electronics",
		"upgradesTo": "Battleship",
		"hurryCostModifier": 20
	},
	{
		"name": "Chud tribe",
		"unitType": "Sword",
		"uniqueTo": "Livonia",
		"replaces": "Warrior",
		"movement": 2,
		"strength": 14,
		"cost": 60,
		"uniques": [ " " ]
	},
	{
		"name": "Chud spear tribe",
		"unitType": "Sword",
		"uniqueTo": "Livonia",
		"replaces": "Spearman",
		"movement": 3,
		"strength": 13,
		"cost": 60,
		"requiredTech": "Bronze Working",
		"uniques": [ "+50% Strength vs Mounted units" ]
	},
	{
		"name": "Order of the Sword",
		"unitType": "Sword",
		"uniqueTo": "Livonia",
		"replaces": "Knight",
		"movement": 4,
		"strength": 21,
		"cost": 120,
		"requiredResource": "Horses",
		"requiredTech": "Chivalry",
		"uniques": [ "Can move after attack", "No defensive terrarian bonus" ]
	},
	{
		"name": "Skandi pirates",
		"unitType": "Melee Water",
		"replaces": "Privateer",
		"uniqueTo": "Livonia",
		"movement": 3,
		"strength": 28,
		"cost": 140,
		"requiredTech": "Navigation",
		"upgradesTo": "Destroyer",
		"promotions": [ "Coastal Raider I", "Coastal Raider II", "Supply" ],
		"uniques": [ "May capture killed [Water] units" ]
	},
	{
		"name": "Estland Black Knight",
		"unitType": "Gunpowder",
		"uniqueTo": "Livonia",
		"replaces": "Great War Infantry",
		"movement": 3,
		"strength": 52,
		"cost": 320,
		"requiredTech": "Replaceable Parts",
		"ubgradesFrom": "Rifleman",
		"ubgradesTo": "Infantry",
		"uniques": [ "Can move after attack", "No defensive terrarian bonus" ]
	}
]
